arm,seed,stages,mu,voices_per_octave,pool_seconds,nominal_low_hz,nominal_high_hz,band_definition,planned_nominal_scale_count,condition_frames,reference_arm,epochs,early_stopping,status,existing_training_reused
Q_mu6_v4,20260811,TF-S2,6,4,0.5,0.03125,8,full,33,360,B,80,false,planned,false
Q_mu6_v4,20260812,TF-S2,6,4,0.5,0.03125,8,full,33,360,B,80,false,planned,false
Q_mu6_v4,20260813,TF-S2,6,4,0.5,0.03125,8,full,33,360,B,80,false,planned,false
Q_mu6_v8,20260811,TF-S2,6,8,0.5,0.03125,8,full,65,360,B,80,false,planned,false
Q_mu6_v8,20260812,TF-S2,6,8,0.5,0.03125,8,full,65,360,B,80,false,planned,false
Q_mu6_v8,20260813,TF-S2,6,8,0.5,0.03125,8,full,65,360,B,80,false,planned,false
Q_mu6_v12,20260811,TF-S2,6,12,0.5,0.03125,8,full,97,360,B,80,false,planned,false
Q_mu6_v12,20260812,TF-S2,6,12,0.5,0.03125,8,full,97,360,B,80,false,planned,false
Q_mu6_v12,20260813,TF-S2,6,12,0.5,0.03125,8,full,97,360,B,80,false,planned,false
Q_mu6_v24,20260811,TF-S2,6,24,0.5,0.03125,8,full,193,360,B,80,false,planned,false
Q_mu6_v24,20260812,TF-S2,6,24,0.5,0.03125,8,full,193,360,B,80,false,planned,false
Q_mu6_v24,20260813,TF-S2,6,24,0.5,0.03125,8,full,193,360,B,80,false,planned,false
Q_mu13p4_v4,20260811,TF-S2,13.4,4,0.5,0.03125,8,full,33,360,B,80,false,planned,false
Q_mu13p4_v4,20260812,TF-S2,13.4,4,0.5,0.03125,8,full,33,360,B,80,false,planned,false
Q_mu13p4_v4,20260813,TF-S2,13.4,4,0.5,0.03125,8,full,33,360,B,80,false,planned,false
Q_mu13p4_v8,20260811,TF-S2,13.4,8,0.5,0.03125,8,full,65,360,B,80,false,planned,false
Q_mu13p4_v8,20260812,TF-S2,13.4,8,0.5,0.03125,8,full,65,360,B,80,false,planned,false
Q_mu13p4_v8,20260813,TF-S2,13.4,8,0.5,0.03125,8,full,65,360,B,80,false,planned,false
B,20260811,TF-S2;TF-S3;TF-S4;TF-S5,13.4,12,0.5,0.03125,8,full,97,360,,80,false,planned,false
B,20260812,TF-S2;TF-S3;TF-S4;TF-S5,13.4,12,0.5,0.03125,8,full,97,360,,80,false,planned,false
B,20260813,TF-S2;TF-S3;TF-S4;TF-S5,13.4,12,0.5,0.03125,8,full,97,360,,80,false,planned,false
Q_mu13p4_v24,20260811,TF-S2,13.4,24,0.5,0.03125,8,full,193,360,B,80,false,planned,false
Q_mu13p4_v24,20260812,TF-S2,13.4,24,0.5,0.03125,8,full,193,360,B,80,false,planned,false
Q_mu13p4_v24,20260813,TF-S2,13.4,24,0.5,0.03125,8,full,193,360,B,80,false,planned,false
Q_mu20_v4,20260811,TF-S2,20,4,0.5,0.03125,8,full,33,360,B,80,false,planned,false
Q_mu20_v4,20260812,TF-S2,20,4,0.5,0.03125,8,full,33,360,B,80,false,planned,false
Q_mu20_v4,20260813,TF-S2,20,4,0.5,0.03125,8,full,33,360,B,80,false,planned,false
Q_mu20_v8,20260811,TF-S2,20,8,0.5,0.03125,8,full,65,360,B,80,false,planned,false
Q_mu20_v8,20260812,TF-S2,20,8,0.5,0.03125,8,full,65,360,B,80,false,planned,false
Q_mu20_v8,20260813,TF-S2,20,8,0.5,0.03125,8,full,65,360,B,80,false,planned,false
Q_mu20_v12,20260811,TF-S2,20,12,0.5,0.03125,8,full,97,360,B,80,false,planned,false
Q_mu20_v12,20260812,TF-S2,20,12,0.5,0.03125,8,full,97,360,B,80,false,planned,false
Q_mu20_v12,20260813,TF-S2,20,12,0.5,0.03125,8,full,97,360,B,80,false,planned,false
Q_mu20_v24,20260811,TF-S2,20,24,0.5,0.03125,8,full,193,360,B,80,false,planned,false
Q_mu20_v24,20260812,TF-S2,20,24,0.5,0.03125,8,full,193,360,B,80,false,planned,false
Q_mu20_v24,20260813,TF-S2,20,24,0.5,0.03125,8,full,193,360,B,80,false,planned,false
P_025,20260811,TF-S3,13.4,12,0.25,0.03125,8,full,97,720,B,80,false,planned,false
P_025,20260812,TF-S3,13.4,12,0.25,0.03125,8,full,97,720,B,80,false,planned,false
P_025,20260813,TF-S3,13.4,12,0.25,0.03125,8,full,97,720,B,80,false,planned,false
P_100,20260811,TF-S3,13.4,12,1,0.03125,8,full,97,180,B,80,false,planned,false
P_100,20260812,TF-S3,13.4,12,1,0.03125,8,full,97,180,B,80,false,planned,false
P_100,20260813,TF-S3,13.4,12,1,0.03125,8,full,97,180,B,80,false,planned,false
C_0p8,20260811,TF-S4;TF-S5,13.4,12,0.5,0.03125,0.8,coverage,pending_TF-S1,360,B,80,false,planned,false
C_0p8,20260812,TF-S4;TF-S5,13.4,12,0.5,0.03125,0.8,coverage,pending_TF-S1,360,B,80,false,planned,false
C_0p8,20260813,TF-S4;TF-S5,13.4,12,0.5,0.03125,0.8,coverage,pending_TF-S1,360,B,80,false,planned,false
C_2,20260811,TF-S4,13.4,12,0.5,0.03125,2,coverage,pending_TF-S1,360,B,80,false,planned,false
C_2,20260812,TF-S4,13.4,12,0.5,0.03125,2,coverage,pending_TF-S1,360,B,80,false,planned,false
C_2,20260813,TF-S4,13.4,12,0.5,0.03125,2,coverage,pending_TF-S1,360,B,80,false,planned,false
C_4,20260811,TF-S4,13.4,12,0.5,0.03125,4,coverage,pending_TF-S1,360,B,80,false,planned,false
C_4,20260812,TF-S4,13.4,12,0.5,0.03125,4,coverage,pending_TF-S1,360,B,80,false,planned,false
C_4,20260813,TF-S4,13.4,12,0.5,0.03125,4,coverage,pending_TF-S1,360,B,80,false,planned,false
C_12,20260811,TF-S4,13.4,12,0.5,0.03125,12,coverage,pending_TF-S1,360,B,80,false,planned,false
C_12,20260812,TF-S4,13.4,12,0.5,0.03125,12,coverage,pending_TF-S1,360,B,80,false,planned,false
C_12,20260813,TF-S4,13.4,12,0.5,0.03125,12,coverage,pending_TF-S1,360,B,80,false,planned,false
C_20,20260811,TF-S4,13.4,12,0.5,0.03125,20,coverage,pending_TF-S1,360,B,80,false,planned,false
C_20,20260812,TF-S4,13.4,12,0.5,0.03125,20,coverage,pending_TF-S1,360,B,80,false,planned,false
C_20,20260813,TF-S4,13.4,12,0.5,0.03125,20,coverage,pending_TF-S1,360,B,80,false,planned,false
H,20260811,TF-S5,13.4,12,0.5,0.8,8,high_band_actual_frequency_lower_exclusive,pending_TF-S1,360,B,80,false,planned,false
H,20260812,TF-S5,13.4,12,0.5,0.8,8,high_band_actual_frequency_lower_exclusive,pending_TF-S1,360,B,80,false,planned,false
H,20260813,TF-S5,13.4,12,0.5,0.8,8,high_band_actual_frequency_lower_exclusive,pending_TF-S1,360,B,80,false,planned,false
