arm,metric,full_mean,full_sample_sd,candidate_mean,candidate_sample_sd,paired_delta_mean,paired_delta_sample_sd,paired_raw_delta_mean,paired_raw_delta_sample_sd,relative_delta_defined_seeds,delta_of_seed_means,full_better_seeds,candidate_better_seeds,equal_seeds,split,n_windows_per_seed,source_comparison_csv
w0_mr4_residual,whole_rr_abs_error_bpm,0.4992978782663775,0.0183203638499253,0.470868122580877,0.019695688313405,-5.665954672074046,3.4318164705421337,-0.0284297556855005,0.0171458864250371,3,-5.6939468247315705,0,3,0,val,2675.0,runs/e4_w0_scale_aggregation_v1/summary/summary_464e073dbd57_20260917T110009Z_b816da172253/three_seed_comparison.csv
w0_mr4_residual,local_rr_mae_bpm,0.551308685416175,0.0120641501714875,0.5481202824655721,0.0034168680262975,-0.5552242407637479,1.5871757652387046,-0.0031884029506027,0.0087187630544393,3,-0.5783335243840572,1,2,0,val,2675.0,runs/e4_w0_scale_aggregation_v1/summary/summary_464e073dbd57_20260917T110009Z_b816da172253/three_seed_comparison.csv
w0_mr4_residual,envelope_trajectory_mae,0.1527289002174733,0.0014230300302533,0.1543382555495995,0.0073809384653104,1.0604788323872956,4.950445017285246,0.0016093553321262,0.0075661370443795,3,1.0537333339234578,1,2,0,val,2675.0,runs/e4_w0_scale_aggregation_v1/summary/summary_464e073dbd57_20260917T110009Z_b816da172253/three_seed_comparison.csv
w0_mr4_residual,global_envelope_modulation_error,0.1910511336675243,0.0030217215100112,0.1964620100613406,0.0114332925778099,2.7884071935174384,4.491150881914529,0.0054108763938163,0.0085802374514226,3,2.832161364314425,2,1,0,val,2675.0,runs/e4_w0_scale_aggregation_v1/summary/summary_464e073dbd57_20260917T110009Z_b816da172253/three_seed_comparison.csv
w0_mr4_residual,lag_aware_signed_pcc,0.8653004460024379,0.0014911615320565,0.8572408451554386,0.0046328094779697,0.0080596008469992,0.0057466510285591,0.0080596008469992,0.0057466510285591,3,0.0080596008469992,3,0,0,val,2675.0,runs/e4_w0_scale_aggregation_v1/summary/summary_464e073dbd57_20260917T110009Z_b816da172253/three_seed_comparison.csv
w0_mr4_residual,whole_rr_abs_error_bpm,0.6172340700463074,0.0277876789389982,0.6973641883499061,0.0580539447563591,13.13177181454045,10.62623944856363,0.0801301183035986,0.0633325459851146,3,12.98212820585017,3,0,0,test,2310.0,runs/e4_w0_scale_aggregation_test_v1/summary/summary_556d3f1aaa87_20260917T122602Z_2b5d05a6b8ab/three_seed_comparison.csv
w0_mr4_residual,local_rr_mae_bpm,0.6095663239022112,0.0184720030580034,0.7034434614168844,0.0299105508692271,15.458124706557587,5.575988525043019,0.0938771375146733,0.0332049424768399,3,15.400643676262767,3,0,0,test,2310.0,runs/e4_w0_scale_aggregation_test_v1/summary/summary_556d3f1aaa87_20260917T122602Z_2b5d05a6b8ab/three_seed_comparison.csv
w0_mr4_residual,envelope_trajectory_mae,0.1395464472748592,0.0010372793099067,0.1435827294903017,0.0040260891660916,2.9006002623580653,3.2128048007783634,0.0040362822154425,0.0044564276424357,3,2.8924292192780805,3,0,0,test,2310.0,runs/e4_w0_scale_aggregation_test_v1/summary/summary_556d3f1aaa87_20260917T122602Z_2b5d05a6b8ab/three_seed_comparison.csv
w0_mr4_residual,global_envelope_modulation_error,0.1734184944983018,0.006624665342518,0.1794325393829847,0.0138027333959424,3.7037284741021215,11.15158783743352,0.0060140448846829,0.0188490429801718,3,3.467937431980091,1,2,0,test,2310.0,runs/e4_w0_scale_aggregation_test_v1/summary/summary_556d3f1aaa87_20260917T122602Z_2b5d05a6b8ab/three_seed_comparison.csv
w0_mr4_residual,lag_aware_signed_pcc,0.8765770119150639,0.0013293198576663,0.8718282011170647,0.0039076126338819,0.0047488107979991,0.003989552769552,0.0047488107979991,0.003989552769552,3,0.0047488107979991,3,0,0,test,2310.0,runs/e4_w0_scale_aggregation_test_v1/summary/summary_556d3f1aaa87_20260917T122602Z_2b5d05a6b8ab/three_seed_comparison.csv
static_scale,whole_rr_abs_error_bpm,0.4992978782663775,0.0183203638499253,0.4907088187761761,0.0279240227889101,-1.750422881226954,2.987865700307561,-0.0085890594902014,0.0148057574285936,3,-1.72022751629221,1,2,0,val,,runs/e4_scale_aggregation_v2/summary/summary_71e6b8f753cc_20260918T055104Z_da596d615deb/four_arm_comparison.csv
static_scale,local_rr_mae_bpm,0.551308685416175,0.0120641501714875,0.5481974258723569,0.0108690646404165,-0.5611930494149207,0.2877701835181329,-0.003111259543818,0.0016418834836854,3,-0.5643407452341078,0,3,0,val,,runs/e4_scale_aggregation_v2/summary/summary_71e6b8f753cc_20260918T055104Z_da596d615deb/four_arm_comparison.csv
static_scale,envelope_trajectory_mae,0.1527289002174733,0.0014230300302533,0.152763603619954,0.0018260927211714,0.0234960025524889,0.8882687130805789,3.4703402480767975e-05,0.0013530530963869,3,0.0227222237777874,2,1,0,val,,runs/e4_scale_aggregation_v2/summary/summary_71e6b8f753cc_20260918T055104Z_da596d615deb/four_arm_comparison.csv
static_scale,global_envelope_modulation_error,0.1910511336675243,0.0030217215100112,0.1886935496712091,0.0057474679812825,-1.2390950682387432,2.2326878706237445,-0.0023575839963152,0.0042952002065579,3,-1.2340068080506523,1,2,0,val,,runs/e4_scale_aggregation_v2/summary/summary_71e6b8f753cc_20260918T055104Z_da596d615deb/four_arm_comparison.csv
static_scale,lag_aware_signed_pcc,0.8653004460024379,0.0014911615320565,0.864390638940132,0.0018459084086833,0.0009098070623058,0.002924005644676,0.0009098070623058,0.002924005644676,3,0.0009098070623058,1,2,0,val,,runs/e4_scale_aggregation_v2/summary/summary_71e6b8f753cc_20260918T055104Z_da596d615deb/four_arm_comparison.csv
scale_attention,whole_rr_abs_error_bpm,0.4992978782663775,0.0183203638499253,0.5043783042528828,0.0131015239967437,1.0473038736229543,1.522875446927669,0.0050804259865051,0.00759122487519,3,1.0175140347371443,2,1,0,val,,runs/e4_scale_aggregation_v2/summary/summary_71e6b8f753cc_20260918T055104Z_da596d615deb/four_arm_comparison.csv
scale_attention,local_rr_mae_bpm,0.551308685416175,0.0120641501714875,0.5496798458880029,0.010326450923607,-0.2899325425879869,0.6180481801427491,-0.001628839528172,0.0034531124415218,3,-0.2954496403303405,2,1,0,val,,runs/e4_scale_aggregation_v2/summary/summary_71e6b8f753cc_20260918T055104Z_da596d615deb/four_arm_comparison.csv
scale_attention,envelope_trajectory_mae,0.1527289002174733,0.0014230300302533,0.1530887223696075,0.0032052399546405,0.2284228766097862,1.167817498364753,0.0003598221521341,0.0017916618221248,3,0.2355953271593062,1,2,0,val,,runs/e4_scale_aggregation_v2/summary/summary_71e6b8f753cc_20260918T055104Z_da596d615deb/four_arm_comparison.csv
scale_attention,global_envelope_modulation_error,0.1910511336675243,0.0030217215100112,0.188068377669123,0.0066660048100406,-1.5376467050351066,4.0852470351289245,-0.0029827559984013,0.0078104025293237,3,-1.5612343884815951,1,2,0,val,,runs/e4_scale_aggregation_v2/summary/summary_71e6b8f753cc_20260918T055104Z_da596d615deb/four_arm_comparison.csv
scale_attention,lag_aware_signed_pcc,0.8653004460024379,0.0014911615320565,0.8623886071732855,0.0039762076825805,0.0029118388291524,0.0052486210129428,0.0029118388291524,0.0052486210129428,3,0.0029118388291524,2,1,0,val,,runs/e4_scale_aggregation_v2/summary/summary_71e6b8f753cc_20260918T055104Z_da596d615deb/four_arm_comparison.csv
frequency_attention,whole_rr_abs_error_bpm,0.4992978782663775,0.0183203638499253,0.5045009124700581,0.0129920396631095,1.0947409975601152,3.029948394453269,0.0052030342036806,0.0152142731927097,3,1.042070160952056,2,1,0,val,,runs/e4_scale_aggregation_v2/summary/summary_71e6b8f753cc_20260918T055104Z_da596d615deb/four_arm_comparison.csv
frequency_attention,local_rr_mae_bpm,0.551308685416175,0.0120641501714875,0.5500989608574717,0.0082924137237108,-0.2093942339359962,0.6878172870817032,-0.001209724558703,0.0037718807061231,3,-0.2194278070895772,1,2,0,val,,runs/e4_scale_aggregation_v2/summary/summary_71e6b8f753cc_20260918T055104Z_da596d615deb/four_arm_comparison.csv
frequency_attention,envelope_trajectory_mae,0.1527289002174733,0.0014230300302533,0.1532540328524159,0.0031705152014247,0.336755877447345,1.140668104655245,0.0005251326349425,0.0017481836403749,3,0.3438331803573702,2,1,0,val,,runs/e4_scale_aggregation_v2/summary/summary_71e6b8f753cc_20260918T055104Z_da596d615deb/four_arm_comparison.csv
frequency_attention,global_envelope_modulation_error,0.1910511336675243,0.0030217215100112,0.1867943777497772,0.0065076018559748,-2.204055097399828,4.029911551534143,-0.0042567559177471,0.0077142653716558,3,-2.228071530397158,1,2,0,val,,runs/e4_scale_aggregation_v2/summary/summary_71e6b8f753cc_20260918T055104Z_da596d615deb/four_arm_comparison.csv
frequency_attention,lag_aware_signed_pcc,0.8653004460024379,0.0014911615320565,0.8627192156429611,0.0034209013797758,0.0025812303594768,0.0046669712512649,0.0025812303594768,0.0046669712512649,3,0.0025812303594768,2,1,0,val,,runs/e4_scale_aggregation_v2/summary/summary_71e6b8f753cc_20260918T055104Z_da596d615deb/four_arm_comparison.csv
channel_region,whole_rr_abs_error_bpm,0.4992978782663775,0.0183203638499253,0.4925850342318562,0.0306877805586252,-1.4039211614218428,2.5455639927623386,-0.0067128440345212,0.0127298597861119,3,-1.3444567515145618,1,2,0,val,,runs/e4_scale_aggregation_v2/summary/summary_71e6b8f753cc_20260918T055104Z_da596d615deb/four_arm_comparison.csv
channel_region,local_rr_mae_bpm,0.551308685416175,0.0120641501714875,0.5470022769925227,0.0127248234300825,-0.7828820212994209,0.299225595637473,-0.0043064084236521,0.0016329389888395,3,-0.7811247197024127,0,3,0,val,,runs/e4_scale_aggregation_v2/summary/summary_71e6b8f753cc_20260918T055104Z_da596d615deb/four_arm_comparison.csv
channel_region,envelope_trajectory_mae,0.1527289002174733,0.0014230300302533,0.1519552255500843,0.0021402053837798,-0.509455356846073,0.4940607167431737,-0.000773674667389,0.0007459430108721,3,-0.5065673008103752,0,3,0,val,,runs/e4_scale_aggregation_v2/summary/summary_71e6b8f753cc_20260918T055104Z_da596d615deb/four_arm_comparison.csv
channel_region,global_envelope_modulation_error,0.1910511336675243,0.0030217215100112,0.1859966916890102,0.0098463183276839,-2.629203942360432,5.357411520896385,-0.005054441978514,0.0102847888841625,3,-2.645596433523411,2,1,0,val,,runs/e4_scale_aggregation_v2/summary/summary_71e6b8f753cc_20260918T055104Z_da596d615deb/four_arm_comparison.csv
channel_region,lag_aware_signed_pcc,0.8653004460024379,0.0014911615320565,0.8630188294329119,0.0030619508862098,0.002281616569526,0.0044513068658625,0.002281616569526,0.0044513068658625,3,0.002281616569526,2,1,0,val,,runs/e4_scale_aggregation_v2/summary/summary_71e6b8f753cc_20260918T055104Z_da596d615deb/four_arm_comparison.csv
static_scale,whole_rr_abs_error_bpm,0.6172340700463074,0.0277876789389982,0.6529632942861924,0.0227839427657914,5.821316745380642,1.1091803072820838,0.0357292242398849,0.005248704027986,3,5.788602083680251,3,0,0,test,,runs/e4_scale_aggregation_v2_test/summary/summary_244f2f7cb9b1_20260918T061540Z_518b72bf2ee4/four_arm_comparison.csv
static_scale,local_rr_mae_bpm,0.6095663239022112,0.0184720030580034,0.630751676813743,0.0245116778386302,3.5191064909409886,4.417900758024334,0.0211853529115318,0.0270783823271164,3,3.4754795468213047,2,1,0,test,,runs/e4_scale_aggregation_v2_test/summary/summary_244f2f7cb9b1_20260918T061540Z_518b72bf2ee4/four_arm_comparison.csv
static_scale,envelope_trajectory_mae,0.1395464472748592,0.0010372793099067,0.1394294039784582,0.0013076072817546,-0.0815443581814817,1.0161194571527885,-0.0001170432964009,0.0014156553318145,3,-0.0838740782633201,1,2,0,test,,runs/e4_scale_aggregation_v2_test/summary/summary_244f2f7cb9b1_20260918T061540Z_518b72bf2ee4/four_arm_comparison.csv
static_scale,global_envelope_modulation_error,0.1734184944983018,0.006624665342518,0.1740275049118572,0.00408969703768,0.4263397486820324,3.7166789364805526,0.0006090104135553,0.0063154835127037,3,0.351179622056576,1,2,0,test,,runs/e4_scale_aggregation_v2_test/summary/summary_244f2f7cb9b1_20260918T061540Z_518b72bf2ee4/four_arm_comparison.csv
static_scale,lag_aware_signed_pcc,0.8765770119150639,0.0013293198576663,0.8757019005275258,0.0029101808110703,0.000875111387538,0.0041768498363012,0.000875111387538,0.0041768498363012,3,0.000875111387538,2,1,0,test,,runs/e4_scale_aggregation_v2_test/summary/summary_244f2f7cb9b1_20260918T061540Z_518b72bf2ee4/four_arm_comparison.csv
scale_attention,whole_rr_abs_error_bpm,0.6172340700463074,0.0277876789389982,0.6519249630097639,0.0237063741261511,5.814705519842643,7.414583397228073,0.0346908929634565,0.0431718313694089,3,5.6203788233617535,3,0,0,test,,runs/e4_scale_aggregation_v2_test/summary/summary_244f2f7cb9b1_20260918T061540Z_518b72bf2ee4/four_arm_comparison.csv
scale_attention,local_rr_mae_bpm,0.6095663239022112,0.0184720030580034,0.6159745681507974,0.0200550434332137,1.0582981768575774,1.838981176122081,0.0064082442485862,0.0111739401873295,3,1.051279245146464,2,1,0,test,,runs/e4_scale_aggregation_v2_test/summary/summary_244f2f7cb9b1_20260918T061540Z_518b72bf2ee4/four_arm_comparison.csv
scale_attention,envelope_trajectory_mae,0.1395464472748592,0.0010372793099067,0.1415915000947552,0.0038047549326025,1.4730936384588011,3.035962340437192,0.002045052819896,0.0042223761150773,3,1.465499738497826,1,2,0,test,,runs/e4_scale_aggregation_v2_test/summary/summary_244f2f7cb9b1_20260918T061540Z_518b72bf2ee4/four_arm_comparison.csv
scale_attention,global_envelope_modulation_error,0.1734184944983018,0.006624665342518,0.1738630919271625,0.0060412110759408,0.2668996571322125,0.8722202078387491,0.0004445974288607,0.0015215090397427,3,0.2563725571179421,2,1,0,test,,runs/e4_scale_aggregation_v2_test/summary/summary_244f2f7cb9b1_20260918T061540Z_518b72bf2ee4/four_arm_comparison.csv
scale_attention,lag_aware_signed_pcc,0.8765770119150639,0.0013293198576663,0.8723204084934334,0.0064047788320384,0.0042566034216306,0.0075698511123611,0.0042566034216306,0.0075698511123611,3,0.0042566034216306,2,1,0,test,,runs/e4_scale_aggregation_v2_test/summary/summary_244f2f7cb9b1_20260918T061540Z_518b72bf2ee4/four_arm_comparison.csv
frequency_attention,whole_rr_abs_error_bpm,0.6172340700463074,0.0277876789389982,0.6395517965004129,0.0158290532911899,3.696949217377544,3.14249381514315,0.0223177264541056,0.0180165473151321,3,3.615763862878024,3,0,0,test,,runs/e4_scale_aggregation_v2_test/summary/summary_244f2f7cb9b1_20260918T061540Z_518b72bf2ee4/four_arm_comparison.csv
frequency_attention,local_rr_mae_bpm,0.6095663239022112,0.0184720030580034,0.6095164397150307,0.0242000449822978,-0.0271119172059791,0.9580906844892568,-4.988418718051187e-05,0.005843338354816,3,-0.0081835536551908,1,2,0,test,,runs/e4_scale_aggregation_v2_test/summary/summary_244f2f7cb9b1_20260918T061540Z_518b72bf2ee4/four_arm_comparison.csv
frequency_attention,envelope_trajectory_mae,0.1395464472748592,0.0010372793099067,0.1413099092312848,0.0033390307406835,1.2700328013234816,2.667435314504386,0.0017634619564256,0.0037094142783508,3,1.2637096757843291,1,2,0,test,,runs/e4_scale_aggregation_v2_test/summary/summary_244f2f7cb9b1_20260918T061540Z_518b72bf2ee4/four_arm_comparison.csv
frequency_attention,global_envelope_modulation_error,0.1734184944983018,0.006624665342518,0.1759710803751362,0.0020093189661418,1.546723068499308,3.0333411232879484,0.0025525858768344,0.0051549127119745,3,1.4719225214236895,2,1,0,test,,runs/e4_scale_aggregation_v2_test/summary/summary_244f2f7cb9b1_20260918T061540Z_518b72bf2ee4/four_arm_comparison.csv
frequency_attention,lag_aware_signed_pcc,0.8765770119150639,0.0013293198576663,0.8724126964033957,0.005904766409504,0.0041643155116681,0.0070730836720493,0.0041643155116681,0.0070730836720493,3,0.0041643155116681,2,1,0,test,,runs/e4_scale_aggregation_v2_test/summary/summary_244f2f7cb9b1_20260918T061540Z_518b72bf2ee4/four_arm_comparison.csv
channel_region,whole_rr_abs_error_bpm,0.6172340700463074,0.0277876789389982,0.6271926580080439,0.0331635994485029,1.6399413110530154,4.000304203844695,0.0099585879617365,0.0251251064049902,3,1.6134216247961566,2,1,0,test,,runs/e4_scale_aggregation_v2_test/summary/summary_244f2f7cb9b1_20260918T061540Z_518b72bf2ee4/four_arm_comparison.csv
channel_region,local_rr_mae_bpm,0.6095663239022112,0.0184720030580034,0.6077985336583512,0.027959195188733,-0.3083794525133463,2.60275416732898,-0.0017677902438599,0.0157502470260716,3,-0.2900078587910149,1,2,0,test,,runs/e4_scale_aggregation_v2_test/summary/summary_244f2f7cb9b1_20260918T061540Z_518b72bf2ee4/four_arm_comparison.csv
channel_region,envelope_trajectory_mae,0.1395464472748592,0.0010372793099067,0.1413879381644126,0.003807662190595,1.3242080997611374,2.8860117191850536,0.0018414908895533,0.0040108827958307,3,1.3196257773057325,2,1,0,test,,runs/e4_scale_aggregation_v2_test/summary/summary_244f2f7cb9b1_20260918T061540Z_518b72bf2ee4/four_arm_comparison.csv
channel_region,global_envelope_modulation_error,0.1734184944983018,0.006624665342518,0.1766005162949274,0.006273865894634,1.8478183534064965,1.3499881252115489,0.0031820217966255,0.002250481883022,3,1.834880302606185,3,0,0,test,,runs/e4_scale_aggregation_v2_test/summary/summary_244f2f7cb9b1_20260918T061540Z_518b72bf2ee4/four_arm_comparison.csv
channel_region,lag_aware_signed_pcc,0.8765770119150639,0.0013293198576663,0.8730913908183565,0.0058393241439992,0.0034856210967073,0.0070899097299087,0.0034856210967073,0.0070899097299087,3,0.0034856210967073,2,1,0,test,,runs/e4_scale_aggregation_v2_test/summary/summary_244f2f7cb9b1_20260918T061540Z_518b72bf2ee4/four_arm_comparison.csv
