benchmark_group,arm,mode,measurement_group,median_ms,iqr_ms,peak_allocated_bytes,peak_reserved_bytes,gpu,warmup,repeats
A,W0_FULL,eval,0,24.889370892196894,0.3835862735286355,37447168,306184192,NVIDIA GeForce RTX 4070 Ti SUPER,5,20
A,W0_FULL,eval,1,21.28910250030458,0.28307060711085796,37447168,306184192,NVIDIA GeForce RTX 4070 Ti SUPER,5,20
A,W0_FULL,eval,2,24.791115894913673,0.32682379242032766,37447168,306184192,NVIDIA GeForce RTX 4070 Ti SUPER,5,20
A,W0_FULL,train,0,587.0258451905102,2.378496341407299,9199992832,10611589120,NVIDIA GeForce RTX 4070 Ti SUPER,5,20
A,W0_FULL,train,1,563.181621953845,4.609822412021458,9199992832,10611589120,NVIDIA GeForce RTX 4070 Ti SUPER,5,20
A,W0_FULL,train,2,565.0918283499777,2.3885724367573857,9199992832,10611589120,NVIDIA GeForce RTX 4070 Ti SUPER,5,20
A,w0_mr4_residual,eval,0,25.227579055354,0.26299303863197565,40947712,306184192,NVIDIA GeForce RTX 4070 Ti SUPER,5,20
A,w0_mr4_residual,eval,1,25.51572793163359,0.29452412854880095,40947712,306184192,NVIDIA GeForce RTX 4070 Ti SUPER,5,20
A,w0_mr4_residual,eval,2,25.355108780786395,0.3994626458734274,40947712,306184192,NVIDIA GeForce RTX 4070 Ti SUPER,5,20
A,w0_mr4_residual,train,0,679.1841953527182,1.7889048904180527,9200435200,10613686272,NVIDIA GeForce RTX 4070 Ti SUPER,5,20
A,w0_mr4_residual,train,1,656.0955934692174,4.187733517028391,9200435200,10613686272,NVIDIA GeForce RTX 4070 Ti SUPER,5,20
A,w0_mr4_residual,train,2,684.0424542315304,3.9240699261426926,9200435200,10613686272,NVIDIA GeForce RTX 4070 Ti SUPER,5,20
B,W0_FULL,eval,0,20.93598060309887,0.2111996291205287,37447168,306184192,NVIDIA GeForce RTX 4070 Ti SUPER,5,20
B,W0_FULL,eval,1,21.06980956159532,0.25434268172830343,37447168,306184192,NVIDIA GeForce RTX 4070 Ti SUPER,5,20
B,W0_FULL,eval,2,20.78737784177065,0.07877254392951727,37447168,306184192,NVIDIA GeForce RTX 4070 Ti SUPER,5,20
B,W0_FULL,train,0,565.2244000229985,2.387080807238817,9199992832,10611589120,NVIDIA GeForce RTX 4070 Ti SUPER,5,20
B,W0_FULL,train,1,555.3332515992224,2.742598415352404,9199992832,10611589120,NVIDIA GeForce RTX 4070 Ti SUPER,5,20
B,W0_FULL,train,2,577.3312244564295,2.3039584048092365,9199992832,10611589120,NVIDIA GeForce RTX 4070 Ti SUPER,5,20
B,static_scale,eval,0,21.493870997801423,0.09450037032365799,57631744,306184192,NVIDIA GeForce RTX 4070 Ti SUPER,5,20
B,static_scale,eval,1,21.34813740849495,0.0761949922889471,57631744,306184192,NVIDIA GeForce RTX 4070 Ti SUPER,5,20
B,static_scale,eval,2,21.17230324074626,0.08053088095039129,57631744,306184192,NVIDIA GeForce RTX 4070 Ti SUPER,5,20
B,static_scale,train,0,667.9479612503201,1.1473300401121378,9199994880,10609491968,NVIDIA GeForce RTX 4070 Ti SUPER,5,20
B,static_scale,train,1,666.949522215873,1.0853521525859833,9199994880,10609491968,NVIDIA GeForce RTX 4070 Ti SUPER,5,20
B,static_scale,train,2,667.2667693346739,1.91085459664464,9199994880,10609491968,NVIDIA GeForce RTX 4070 Ti SUPER,5,20
B,scale_attention,eval,0,25.15723928809166,0.0847743358463049,58406400,306184192,NVIDIA GeForce RTX 4070 Ti SUPER,5,20
B,scale_attention,eval,1,21.697350777685642,0.06831821519881487,58406400,306184192,NVIDIA GeForce RTX 4070 Ti SUPER,5,20
B,scale_attention,eval,2,25.063673267140985,0.0659584766253829,58406400,306184192,NVIDIA GeForce RTX 4070 Ti SUPER,5,20
B,scale_attention,train,0,686.4203556906432,2.8149114223197103,9200005632,10609491968,NVIDIA GeForce RTX 4070 Ti SUPER,5,20
B,scale_attention,train,1,698.5293061006814,1.4564862940460443,9200005632,10609491968,NVIDIA GeForce RTX 4070 Ti SUPER,5,20
B,scale_attention,train,2,699.0106555167586,2.064703847281635,9200005632,10609491968,NVIDIA GeForce RTX 4070 Ti SUPER,5,20
B,frequency_attention,eval,0,21.514376159757376,0.07578637450933456,58411008,306184192,NVIDIA GeForce RTX 4070 Ti SUPER,5,20
B,frequency_attention,eval,1,25.160065619274974,0.10782130993902683,58411008,306184192,NVIDIA GeForce RTX 4070 Ti SUPER,5,20
B,frequency_attention,eval,2,24.928828002884984,0.08626026101410389,58411008,306184192,NVIDIA GeForce RTX 4070 Ti SUPER,5,20
B,frequency_attention,train,0,707.5436972081661,1.3941533397883177,9200007680,10609491968,NVIDIA GeForce RTX 4070 Ti SUPER,5,20
B,frequency_attention,train,1,681.4636944327503,4.353241645731032,9200007680,10609491968,NVIDIA GeForce RTX 4070 Ti SUPER,5,20
B,frequency_attention,train,2,682.0207531563938,3.5497358767315745,9200007680,10609491968,NVIDIA GeForce RTX 4070 Ti SUPER,5,20
B,channel_region,eval,0,21.405382314696908,0.16077375039458275,47506944,306184192,NVIDIA GeForce RTX 4070 Ti SUPER,5,20
B,channel_region,eval,1,21.278068190440536,0.051992014050483704,47506944,306184192,NVIDIA GeForce RTX 4070 Ti SUPER,5,20
B,channel_region,eval,2,21.732090273872018,0.0814774539321661,47506944,306184192,NVIDIA GeForce RTX 4070 Ti SUPER,5,20
B,channel_region,train,0,676.6688963398337,3.2297789584845304,9199997952,10611589120,NVIDIA GeForce RTX 4070 Ti SUPER,5,20
B,channel_region,train,1,671.9459220767021,4.695576964877546,9199997952,10611589120,NVIDIA GeForce RTX 4070 Ti SUPER,5,20
B,channel_region,train,2,678.0632184818387,3.406223258934915,9199997952,10611589120,NVIDIA GeForce RTX 4070 Ti SUPER,5,20
