transform,representation,association,lag_sec,support,scope,group,n,defined_n,signed_mean,absolute_mean,signed_median,absolute_median
FULL,R3_MEAN,cycle,0.0,full,pooled,ALL,2675,2675,-0.0104231669499959,0.2893272810653541,0.0467249376795311,0.2693327229629449
FULL,R3_MEAN,envelope,0.0,full,pooled,ALL,2675,2675,0.3240308475454858,0.3953177590684777,0.338682357347959,0.3569128929714364
SHIFT_1,R3_MEAN,cycle,0.0,full,pooled,ALL,2675,2675,0.0010931829553056,0.102257079525685,0.0010806487511352,0.0754165761085813
SHIFT_1,R3_MEAN,envelope,0.0,full,pooled,ALL,2675,2675,-0.0356842376481266,0.1997801957663296,-0.0323468835803211,0.166975688710088
SHIFT_2,R3_MEAN,cycle,0.0,full,pooled,ALL,2675,2675,0.0006965209879744,0.1041609020711136,-0.0020937399353656,0.077686510209551
SHIFT_2,R3_MEAN,envelope,0.0,full,pooled,ALL,2675,2675,-0.0266566708748292,0.1979360735106151,-0.0201580074735187,0.1685830445945185
SHIFT_3,R3_MEAN,cycle,0.0,full,pooled,ALL,2675,2675,-0.0042286203579592,0.1012715806155496,-0.0037987198453018,0.0765657284220669
SHIFT_3,R3_MEAN,envelope,0.0,full,pooled,ALL,2675,2675,-0.0217569982516451,0.1973426493814966,-0.0219911307783879,0.1643103721279812
FULL,R3_MEAN,cycle,0.0,full,samp_id,952,579,579,0.3047544683620599,0.3087176931503608,0.2965150616835252,0.2965150616835252
FULL,R3_MEAN,envelope,0.0,full,samp_id,952,579,579,0.5611133772426635,0.5631873779996833,0.5913630202213693,0.5913630202213693
SHIFT_1,R3_MEAN,cycle,0.0,full,samp_id,952,579,579,-0.0045396969322458,0.0770618860134999,-0.0084345323210232,0.0606165117539544
SHIFT_1,R3_MEAN,envelope,0.0,full,samp_id,952,579,579,-0.0633690601578127,0.2527721208717037,-0.0591643500414632,0.2197491399655149
SHIFT_2,R3_MEAN,cycle,0.0,full,samp_id,952,579,579,-0.000389851550932,0.0825869143024124,-0.001809353494298,0.0639947620789871
SHIFT_2,R3_MEAN,envelope,0.0,full,samp_id,952,579,579,-0.0553882582084014,0.2498207448140733,-0.0344373844498572,0.2256307375377696
SHIFT_3,R3_MEAN,cycle,0.0,full,samp_id,952,579,579,-0.0078884513706485,0.0815100587461325,-0.0087366130214339,0.0687536379625482
SHIFT_3,R3_MEAN,envelope,0.0,full,samp_id,952,579,579,-0.022609247847745,0.2412007393711808,-0.0280452073981767,0.2090617248907488
FULL,R3_MEAN,cycle,0.0,full,samp_id,956,213,213,0.1316666383337331,0.2076262381928594,0.1303332102581122,0.1817220785395753
FULL,R3_MEAN,envelope,0.0,full,samp_id,956,213,213,0.2177563934714939,0.2992852000719862,0.208462628139945,0.2683746672258816
SHIFT_1,R3_MEAN,cycle,0.0,full,samp_id,956,213,213,0.000893500608117,0.1445353227042039,-0.0020568688103359,0.0915164994372747
SHIFT_1,R3_MEAN,envelope,0.0,full,samp_id,956,213,213,-0.0510552591508795,0.1847676912665091,-0.0536733931927737,0.1453189201702535
SHIFT_2,R3_MEAN,cycle,0.0,full,samp_id,956,213,213,-0.0013301055069258,0.146631035524175,-0.0166699390487917,0.1017902295294744
SHIFT_2,R3_MEAN,envelope,0.0,full,samp_id,956,213,213,-0.0005905961314315,0.1908285154782644,-0.0084873231400083,0.171957813684897
SHIFT_3,R3_MEAN,cycle,0.0,full,samp_id,956,213,213,0.003144438804443,0.1347348432141597,0.0127297477812982,0.0907149748228202
SHIFT_3,R3_MEAN,envelope,0.0,full,samp_id,956,213,213,-0.0052801056953088,0.1661747114283147,0.0083113872996528,0.1354234849626774
FULL,R3_MEAN,cycle,0.0,full,samp_id,961,468,468,-0.0616455361410025,0.2068823071910972,-0.0289175753346025,0.1467128125950274
FULL,R3_MEAN,envelope,0.0,full,samp_id,961,468,468,0.1451477302876689,0.2761247131498576,0.1295514213527817,0.2310791930734851
SHIFT_1,R3_MEAN,cycle,0.0,full,samp_id,961,468,468,-0.0007045329499914,0.0862302505413237,0.0030315129516679,0.066155020345109
SHIFT_1,R3_MEAN,envelope,0.0,full,samp_id,961,468,468,0.0122075667170389,0.2012093466033263,0.0126174157755451,0.1718165491759357
SHIFT_2,R3_MEAN,cycle,0.0,full,samp_id,961,468,468,-0.003094644132788,0.0891496778311972,-0.009573392389345,0.0663969491532799
SHIFT_2,R3_MEAN,envelope,0.0,full,samp_id,961,468,468,-0.0109072356658592,0.1924023066268063,-0.0233107023303367,0.1676219076426709
SHIFT_3,R3_MEAN,cycle,0.0,full,samp_id,961,468,468,-0.003260926260898,0.083536528821649,-0.0030089235041531,0.0686369370563474
SHIFT_3,R3_MEAN,envelope,0.0,full,samp_id,961,468,468,0.0074214462174358,0.199268639581241,0.015438905244388,0.1608285644750069
FULL,R3_MEAN,cycle,0.0,full,samp_id,971,820,820,-0.2239118250756067,0.3783329025091694,-0.3599148158005947,0.3971103982300883
FULL,R3_MEAN,envelope,0.0,full,samp_id,971,820,820,0.3230151661494342,0.3833744735994128,0.3342982139162314,0.3548973013993638
SHIFT_1,R3_MEAN,cycle,0.0,full,samp_id,971,820,820,0.0057671519246875,0.1245097410981535,0.0082469849710706,0.0984424970105462
SHIFT_1,R3_MEAN,envelope,0.0,full,samp_id,971,820,820,-0.0397162593430324,0.1705594009842071,-0.0328099585413237,0.1471288862270631
SHIFT_2,R3_MEAN,cycle,0.0,full,samp_id,971,820,820,0.0032063849900958,0.1239990138053962,0.0027400474216271,0.1017016139713219
SHIFT_2,R3_MEAN,envelope,0.0,full,samp_id,971,820,820,-0.0171611067308599,0.171894157839807,-0.0015794064960225,0.1446854627202957
SHIFT_3,R3_MEAN,cycle,0.0,full,samp_id,971,820,820,-0.007762483097217,0.1224048049507841,-0.0108160799685554,0.0972837821022938
SHIFT_3,R3_MEAN,envelope,0.0,full,samp_id,971,820,820,-0.0265140820498953,0.1815960906136655,-0.0254782371660795,0.1508580915314294
FULL,R3_MEAN,cycle,0.0,full,samp_id,972,182,182,0.1169456705394399,0.2563738821425977,0.052074037830097,0.1997816115268151
FULL,R3_MEAN,envelope,0.0,full,samp_id,972,182,182,0.3152172118579103,0.4167680028471521,0.3386646026094594,0.3805297298169197
SHIFT_1,R3_MEAN,cycle,0.0,full,samp_id,972,182,182,0.0046498644607062,0.0906064853964132,0.0052290054492826,0.0635482010342628
SHIFT_1,R3_MEAN,envelope,0.0,full,samp_id,972,182,182,-0.0689603555661275,0.2011719915939127,-0.0879473323307587,0.1822306703281407
SHIFT_2,R3_MEAN,cycle,0.0,full,samp_id,972,182,182,0.0081493455062073,0.0983276477912713,-0.0004178260399991,0.0539686624251277
SHIFT_2,R3_MEAN,envelope,0.0,full,samp_id,972,182,182,-0.0226032535032603,0.1939079433205632,-0.0321175157742238,0.172012740811941
SHIFT_3,R3_MEAN,cycle,0.0,full,samp_id,972,182,182,-0.0023027892509602,0.0938134890806566,0.0021665006189202,0.0602573559548571
SHIFT_3,R3_MEAN,envelope,0.0,full,samp_id,972,182,182,-0.0456222206786117,0.1882813330397878,-0.0375704217009786,0.1582333347625499
FULL,R3_MEAN,cycle,0.0,full,samp_id,1308,57,57,0.0352158089741873,0.1396842717765337,-0.0007410110003086,0.110984394939889
FULL,R3_MEAN,envelope,0.0,full,samp_id,1308,57,57,0.3764793146150506,0.4162270428967332,0.4217271137251769,0.4217271137251769
SHIFT_1,R3_MEAN,cycle,0.0,full,samp_id,1308,57,57,0.0097970599797172,0.0756629462560166,-0.0083639856018944,0.0530090909693936
SHIFT_1,R3_MEAN,envelope,0.0,full,samp_id,1308,57,57,-0.0373500821402809,0.1744434938622961,-0.030350517012142,0.160502363250839
SHIFT_2,R3_MEAN,cycle,0.0,full,samp_id,1308,57,57,-0.0139725344511413,0.0781167297802223,-0.018477659678417,0.0553076830911878
SHIFT_2,R3_MEAN,envelope,0.0,full,samp_id,1308,57,57,-0.0133783749823266,0.191393394349069,0.0047981656456191,0.1488990303481925
SHIFT_3,R3_MEAN,cycle,0.0,full,samp_id,1308,57,57,-0.0203464214442832,0.1102141753415981,-0.0396574356353699,0.0857853870425642
SHIFT_3,R3_MEAN,envelope,0.0,full,samp_id,1308,57,57,-0.0068620217418127,0.2076223046033231,0.0073245166745939,0.1710632846012944
FULL,R3_MEAN,cycle,0.0,full,samp_id,1378,356,356,-0.1213859786844857,0.2508499829115633,-0.0737099599418312,0.2152614521533085
FULL,R3_MEAN,envelope,0.0,full,samp_id,1378,356,356,0.2356329563002292,0.349639365062025,0.2127621076242961,0.2762737085872618
SHIFT_1,R3_MEAN,cycle,0.0,full,samp_id,1378,356,356,-0.0012404989007192,0.0979660639349161,-0.0006916060930978,0.0752723126981702
SHIFT_1,R3_MEAN,envelope,0.0,full,samp_id,1378,356,356,-0.0178537888918101,0.1913488281258401,-0.0152684075619766,0.1594698401874313
SHIFT_2,R3_MEAN,cycle,0.0,full,samp_id,1378,356,356,0.0014172514259775,0.0950299243021732,0.0041915071871435,0.0735312055319891
SHIFT_2,R3_MEAN,envelope,0.0,full,samp_id,1378,356,356,-0.0422975921039199,0.1881689705181184,-0.0409399632392494,0.1673447650071114
SHIFT_3,R3_MEAN,cycle,0.0,full,samp_id,1378,356,356,0.0057761003273463,0.0904082414961885,0.0084095662994198,0.0650459935048669
SHIFT_3,R3_MEAN,envelope,0.0,full,samp_id,1378,356,356,-0.0478142231805078,0.1813847018609581,-0.0515789416177727,0.1515889734094749
