arm,seed,condition,scope,group,metric,n,full,intervened,degradation,relative_degradation_pct
W0_FULL,20260811,SHIFT_1__ALL_W_GN_FIXED,pooled,ALL,envelope_trajectory_mae,2675,0.1513724672506801,0.1592422936111134,0.0078698263604332,5.198981362575322
W0_FULL,20260811,SHIFT_1__ALL_W_GN_FIXED,pooled,ALL,lag_aware_signed_pcc,2675,0.8650667976537753,0.8600277031091309,0.0050390945446443,
W0_FULL,20260811,SHIFT_1__ALL_W_GN_FIXED,samp_id,952,envelope_trajectory_mae,579,0.2715107964851698,0.2886021141721706,0.0170913176870008,6.294894312953918
W0_FULL,20260811,SHIFT_1__ALL_W_GN_FIXED,samp_id,952,lag_aware_signed_pcc,579,0.7503860133411207,0.7436465192312296,0.006739494109891,
W0_FULL,20260811,SHIFT_1__ALL_W_GN_FIXED,samp_id,956,envelope_trajectory_mae,213,0.0867280373969011,0.0888839970906626,0.0021559596937615,2.485885485791665
W0_FULL,20260811,SHIFT_1__ALL_W_GN_FIXED,samp_id,956,lag_aware_signed_pcc,213,0.8999301440666537,0.8992229539068197,0.000707190159834,
W0_FULL,20260811,SHIFT_1__ALL_W_GN_FIXED,samp_id,961,envelope_trajectory_mae,468,0.1280282567583349,0.1317861811001338,0.0037579243417989,2.935230422524906
W0_FULL,20260811,SHIFT_1__ALL_W_GN_FIXED,samp_id,961,lag_aware_signed_pcc,468,0.9251172023725768,0.9238758258397156,0.001241376532861,
W0_FULL,20260811,SHIFT_1__ALL_W_GN_FIXED,samp_id,971,envelope_trajectory_mae,820,0.0944581215948745,0.1007678958410327,0.0063097742461581,6.679970064639254
W0_FULL,20260811,SHIFT_1__ALL_W_GN_FIXED,samp_id,971,lag_aware_signed_pcc,820,0.9125924801588712,0.9030456443727304,0.0095468357861407,
W0_FULL,20260811,SHIFT_1__ALL_W_GN_FIXED,samp_id,972,envelope_trajectory_mae,182,0.1451999583950668,0.152477659290458,0.0072777008953912,5.012192135475496
W0_FULL,20260811,SHIFT_1__ALL_W_GN_FIXED,samp_id,972,lag_aware_signed_pcc,182,0.8401631902222974,0.8399886496173575,0.0001745406049398,
W0_FULL,20260811,SHIFT_1__ALL_W_GN_FIXED,samp_id,1308,envelope_trajectory_mae,57,0.2700992180058348,0.2851629171111415,0.0150636991053066,5.577098377597406
W0_FULL,20260811,SHIFT_1__ALL_W_GN_FIXED,samp_id,1308,lag_aware_signed_pcc,57,0.7758688100780607,0.7672565947704677,0.008612215307593,
W0_FULL,20260811,SHIFT_1__ALL_W_GN_FIXED,samp_id,1378,envelope_trajectory_mae,356,0.1405859411241108,0.1450263829017484,0.0044404417776375,3.1585247729127564
W0_FULL,20260811,SHIFT_1__ALL_W_GN_FIXED,samp_id,1378,lag_aware_signed_pcc,356,0.8693262754988619,0.8679365364859232,0.0013897390129387,
W0_FULL,20260811,SHIFT_2__ALL_W_GN_FIXED,pooled,ALL,envelope_trajectory_mae,2675,0.1513724672506801,0.1604196182136487,0.0090471509629686,5.976748035682166
W0_FULL,20260811,SHIFT_2__ALL_W_GN_FIXED,pooled,ALL,lag_aware_signed_pcc,2675,0.8650667976537753,0.8593175861014766,0.0057492115522986,
W0_FULL,20260811,SHIFT_2__ALL_W_GN_FIXED,samp_id,952,envelope_trajectory_mae,579,0.2715107964851698,0.2924896969163645,0.0209789004311947,7.726727888089932
W0_FULL,20260811,SHIFT_2__ALL_W_GN_FIXED,samp_id,952,lag_aware_signed_pcc,579,0.7503860133411207,0.7417043461431351,0.0086816671979855,
W0_FULL,20260811,SHIFT_2__ALL_W_GN_FIXED,samp_id,956,envelope_trajectory_mae,213,0.0867280373969011,0.0876373573043922,0.0009093199074911,1.048472829299382
W0_FULL,20260811,SHIFT_2__ALL_W_GN_FIXED,samp_id,956,lag_aware_signed_pcc,213,0.8999301440666537,0.8990907333871048,0.0008394106795489,
W0_FULL,20260811,SHIFT_2__ALL_W_GN_FIXED,samp_id,961,envelope_trajectory_mae,468,0.1280282567583349,0.1319181594582942,0.0038899026999592,3.0383157581391065
W0_FULL,20260811,SHIFT_2__ALL_W_GN_FIXED,samp_id,961,lag_aware_signed_pcc,468,0.9251172023725768,0.9239668424812174,0.0011503598913593,
W0_FULL,20260811,SHIFT_2__ALL_W_GN_FIXED,samp_id,971,envelope_trajectory_mae,820,0.0944581215948745,0.1013430389759364,0.0068849173810618,7.288856971548599
W0_FULL,20260811,SHIFT_2__ALL_W_GN_FIXED,samp_id,971,lag_aware_signed_pcc,820,0.9125924801588712,0.9024047770973443,0.0101877030615267,
W0_FULL,20260811,SHIFT_2__ALL_W_GN_FIXED,samp_id,972,envelope_trajectory_mae,182,0.1451999583950668,0.1525951990670143,0.0073952406719474,5.093142418006864
W0_FULL,20260811,SHIFT_2__ALL_W_GN_FIXED,samp_id,972,lag_aware_signed_pcc,182,0.8401631902222974,0.8392134263489931,0.0009497638733042,
W0_FULL,20260811,SHIFT_2__ALL_W_GN_FIXED,samp_id,1308,envelope_trajectory_mae,57,0.2700992180058348,0.2914775987291519,0.0213783807233171,7.915010225188907
W0_FULL,20260811,SHIFT_2__ALL_W_GN_FIXED,samp_id,1308,lag_aware_signed_pcc,57,0.7758688100780607,0.7668228878255003,0.0090459222525604,
W0_FULL,20260811,SHIFT_2__ALL_W_GN_FIXED,samp_id,1378,envelope_trajectory_mae,356,0.1405859411241108,0.1457265369567189,0.0051405958326081,3.656550428516869
W0_FULL,20260811,SHIFT_2__ALL_W_GN_FIXED,samp_id,1378,lag_aware_signed_pcc,356,0.8693262754988619,0.8676608216025812,0.0016654538962806,
W0_FULL,20260811,SHIFT_3__ALL_W_GN_FIXED,pooled,ALL,envelope_trajectory_mae,2675,0.1513724672506801,0.1598097927222704,0.0084373254715903,5.573883827643306
W0_FULL,20260811,SHIFT_3__ALL_W_GN_FIXED,pooled,ALL,lag_aware_signed_pcc,2675,0.8650667976537753,0.8594121692162012,0.005654628437574,
W0_FULL,20260811,SHIFT_3__ALL_W_GN_FIXED,samp_id,952,envelope_trajectory_mae,579,0.2715107964851698,0.2910611926306639,0.0195503961454941,7.200596218854968
W0_FULL,20260811,SHIFT_3__ALL_W_GN_FIXED,samp_id,952,lag_aware_signed_pcc,579,0.7503860133411207,0.7424795229739262,0.0079064903671944,
W0_FULL,20260811,SHIFT_3__ALL_W_GN_FIXED,samp_id,956,envelope_trajectory_mae,213,0.0867280373969011,0.0880365146399111,0.00130847724301,1.5087130785883365
W0_FULL,20260811,SHIFT_3__ALL_W_GN_FIXED,samp_id,956,lag_aware_signed_pcc,213,0.8999301440666537,0.899012715953586,0.0009174281130677,
W0_FULL,20260811,SHIFT_3__ALL_W_GN_FIXED,samp_id,961,envelope_trajectory_mae,468,0.1280282567583349,0.1318860960961078,0.0038578393377728,3.013271785036402
W0_FULL,20260811,SHIFT_3__ALL_W_GN_FIXED,samp_id,961,lag_aware_signed_pcc,468,0.9251172023725768,0.9237936971238816,0.0013235052486952,
W0_FULL,20260811,SHIFT_3__ALL_W_GN_FIXED,samp_id,971,envelope_trajectory_mae,820,0.0944581215948745,0.1009468150587672,0.0064886934638926,6.869386511540287
W0_FULL,20260811,SHIFT_3__ALL_W_GN_FIXED,samp_id,971,lag_aware_signed_pcc,820,0.9125924801588712,0.9024583333920496,0.0101341467668215,
W0_FULL,20260811,SHIFT_3__ALL_W_GN_FIXED,samp_id,972,envelope_trajectory_mae,182,0.1451999583950668,0.1509034127386216,0.0057034543435548,3.9279999847084137
W0_FULL,20260811,SHIFT_3__ALL_W_GN_FIXED,samp_id,972,lag_aware_signed_pcc,182,0.8401631902222974,0.8393924868122807,0.0007707034100166,
W0_FULL,20260811,SHIFT_3__ALL_W_GN_FIXED,samp_id,1308,envelope_trajectory_mae,57,0.2700992180058348,0.2899013707495674,0.0198021527437326,7.331436532816942
W0_FULL,20260811,SHIFT_3__ALL_W_GN_FIXED,samp_id,1308,lag_aware_signed_pcc,57,0.7758688100780607,0.7688901313109913,0.0069786787670694,
W0_FULL,20260811,SHIFT_3__ALL_W_GN_FIXED,samp_id,1378,envelope_trajectory_mae,356,0.1405859411241108,0.1453008618210558,0.0047149206969449,3.3537640102879145
W0_FULL,20260811,SHIFT_3__ALL_W_GN_FIXED,samp_id,1378,lag_aware_signed_pcc,356,0.8693262754988619,0.8668391759362437,0.0024870995626181,
W0_FULL,20260812,SHIFT_1__ALL_W_GN_FIXED,pooled,ALL,envelope_trajectory_mae,2675,0.1542102254382171,0.1619792319782384,0.0077690065400212,5.037932159131594
W0_FULL,20260812,SHIFT_1__ALL_W_GN_FIXED,pooled,ALL,lag_aware_signed_pcc,2675,0.8668943855785114,0.8612567260124437,0.0056376595660676,
W0_FULL,20260812,SHIFT_1__ALL_W_GN_FIXED,samp_id,952,envelope_trajectory_mae,579,0.2742767508499972,0.2882155838942307,0.0139388330442334,5.08203229075607
W0_FULL,20260812,SHIFT_1__ALL_W_GN_FIXED,samp_id,952,lag_aware_signed_pcc,579,0.7691008037496221,0.7568459641752974,0.0122548395743247,
W0_FULL,20260812,SHIFT_1__ALL_W_GN_FIXED,samp_id,956,envelope_trajectory_mae,213,0.0902878832554821,0.0964502274354032,0.0061623441799211,6.825217247018561
W0_FULL,20260812,SHIFT_1__ALL_W_GN_FIXED,samp_id,956,lag_aware_signed_pcc,213,0.8913053223353222,0.8905050582939844,0.0008002640413378,
W0_FULL,20260812,SHIFT_1__ALL_W_GN_FIXED,samp_id,961,envelope_trajectory_mae,468,0.131547791570165,0.1328547020102714,0.0013069104401063,0.9934871764147476
W0_FULL,20260812,SHIFT_1__ALL_W_GN_FIXED,samp_id,961,lag_aware_signed_pcc,468,0.9256251835068232,0.9253135228010634,0.0003116607057599,
W0_FULL,20260812,SHIFT_1__ALL_W_GN_FIXED,samp_id,971,envelope_trajectory_mae,820,0.0987402557287101,0.1058812170442886,0.0071409613155784,7.232066863588403
W0_FULL,20260812,SHIFT_1__ALL_W_GN_FIXED,samp_id,971,lag_aware_signed_pcc,820,0.9106782793349092,0.9026758080335378,0.0080024713013714,
W0_FULL,20260812,SHIFT_1__ALL_W_GN_FIXED,samp_id,972,envelope_trajectory_mae,182,0.1480267207725157,0.1567067696896562,0.0086800489171404,5.863839225675871
W0_FULL,20260812,SHIFT_1__ALL_W_GN_FIXED,samp_id,972,lag_aware_signed_pcc,182,0.8318487269404503,0.8318267026334757,2.202430697462177e-05,
W0_FULL,20260812,SHIFT_1__ALL_W_GN_FIXED,samp_id,1308,envelope_trajectory_mae,57,0.2634147767655415,0.2783695868199624,0.0149548100544208,5.677285928318204
W0_FULL,20260812,SHIFT_1__ALL_W_GN_FIXED,samp_id,1308,lag_aware_signed_pcc,57,0.7859288965766117,0.7698269029593999,0.0161019936172117,
W0_FULL,20260812,SHIFT_1__ALL_W_GN_FIXED,samp_id,1378,envelope_trajectory_mae,356,0.1404154875366617,0.1474365926233381,0.0070211050866763,5.000235522340929
W0_FULL,20260812,SHIFT_1__ALL_W_GN_FIXED,samp_id,1378,lag_aware_signed_pcc,356,0.8641626181185832,0.8636428842775122,0.0005197338410709,
W0_FULL,20260812,SHIFT_2__ALL_W_GN_FIXED,pooled,ALL,envelope_trajectory_mae,2675,0.1542102254382171,0.1628609658996434,0.0086507404614262,5.609706124768044
W0_FULL,20260812,SHIFT_2__ALL_W_GN_FIXED,pooled,ALL,lag_aware_signed_pcc,2675,0.8668943855785114,0.8603548687741204,0.006539516804391,
W0_FULL,20260812,SHIFT_2__ALL_W_GN_FIXED,samp_id,952,envelope_trajectory_mae,579,0.2742767508499972,0.2926261640066331,0.0183494131566358,6.690108840712933
W0_FULL,20260812,SHIFT_2__ALL_W_GN_FIXED,samp_id,952,lag_aware_signed_pcc,579,0.7691008037496221,0.7532676143378286,0.0158331894117934,
W0_FULL,20260812,SHIFT_2__ALL_W_GN_FIXED,samp_id,956,envelope_trajectory_mae,213,0.0902878832554821,0.095618672915299,0.0053307896598168,5.904213796587398
W0_FULL,20260812,SHIFT_2__ALL_W_GN_FIXED,samp_id,956,lag_aware_signed_pcc,213,0.8913053223353222,0.8920190998322891,-0.0007137774969668,
W0_FULL,20260812,SHIFT_2__ALL_W_GN_FIXED,samp_id,961,envelope_trajectory_mae,468,0.131547791570165,0.1335397124018759,0.0019919208317108,1.5142183748850109
W0_FULL,20260812,SHIFT_2__ALL_W_GN_FIXED,samp_id,961,lag_aware_signed_pcc,468,0.9256251835068232,0.925311477659534,0.0003137058472894,
W0_FULL,20260812,SHIFT_2__ALL_W_GN_FIXED,samp_id,971,envelope_trajectory_mae,820,0.0987402557287101,0.1054172521537245,0.0066769964250144,6.762182633352259
W0_FULL,20260812,SHIFT_2__ALL_W_GN_FIXED,samp_id,971,lag_aware_signed_pcc,820,0.9106782793349092,0.9022562125063924,0.0084220668285166,
W0_FULL,20260812,SHIFT_2__ALL_W_GN_FIXED,samp_id,972,envelope_trajectory_mae,182,0.1480267207725157,0.1564753948913897,0.0084486741188739,5.707533122926972
W0_FULL,20260812,SHIFT_2__ALL_W_GN_FIXED,samp_id,972,lag_aware_signed_pcc,182,0.8318487269404503,0.8308580637535558,0.0009906631868945,
W0_FULL,20260812,SHIFT_2__ALL_W_GN_FIXED,samp_id,1308,envelope_trajectory_mae,57,0.2634147767655415,0.2811158580919116,0.0177010813263701,6.719851309680083
W0_FULL,20260812,SHIFT_2__ALL_W_GN_FIXED,samp_id,1308,lag_aware_signed_pcc,57,0.7859288965766117,0.7677991116232077,0.018129784953404,
W0_FULL,20260812,SHIFT_2__ALL_W_GN_FIXED,samp_id,1378,envelope_trajectory_mae,356,0.1404154875366617,0.1472328638739969,0.0068173763373352,4.8551455804013415
W0_FULL,20260812,SHIFT_2__ALL_W_GN_FIXED,samp_id,1378,lag_aware_signed_pcc,356,0.8641626181185832,0.8635693096610062,0.0005933084575769,
W0_FULL,20260812,SHIFT_3__ALL_W_GN_FIXED,pooled,ALL,envelope_trajectory_mae,2675,0.1542102254382171,0.1624645021453004,0.0082542767070832,5.35261308621216
W0_FULL,20260812,SHIFT_3__ALL_W_GN_FIXED,pooled,ALL,lag_aware_signed_pcc,2675,0.8668943855785114,0.8607048018233023,0.006189583755209,
W0_FULL,20260812,SHIFT_3__ALL_W_GN_FIXED,samp_id,952,envelope_trajectory_mae,579,0.2742767508499972,0.2914836043236932,0.0172068534736959,6.273537009743277
W0_FULL,20260812,SHIFT_3__ALL_W_GN_FIXED,samp_id,952,lag_aware_signed_pcc,579,0.7691008037496221,0.7551540706365778,0.0139467331130442,
W0_FULL,20260812,SHIFT_3__ALL_W_GN_FIXED,samp_id,956,envelope_trajectory_mae,213,0.0902878832554821,0.0950991078314714,0.0048112245759893,5.328759964806432
W0_FULL,20260812,SHIFT_3__ALL_W_GN_FIXED,samp_id,956,lag_aware_signed_pcc,213,0.8913053223353222,0.8907386074883955,0.0005667148469267,
W0_FULL,20260812,SHIFT_3__ALL_W_GN_FIXED,samp_id,961,envelope_trajectory_mae,468,0.131547791570165,0.1332625024314878,0.0017147108613227,1.3034889000080288
W0_FULL,20260812,SHIFT_3__ALL_W_GN_FIXED,samp_id,961,lag_aware_signed_pcc,468,0.9256251835068232,0.9258153757939416,-0.0001901922871181,
W0_FULL,20260812,SHIFT_3__ALL_W_GN_FIXED,samp_id,971,envelope_trajectory_mae,820,0.0987402557287101,0.1054784633784236,0.0067382076497135,6.824174800829817
W0_FULL,20260812,SHIFT_3__ALL_W_GN_FIXED,samp_id,971,lag_aware_signed_pcc,820,0.9106782793349092,0.9020759642702336,0.0086023150646756,
W0_FULL,20260812,SHIFT_3__ALL_W_GN_FIXED,samp_id,972,envelope_trajectory_mae,182,0.1480267207725157,0.1546574450117123,0.0066307242391966,4.479410341992641
W0_FULL,20260812,SHIFT_3__ALL_W_GN_FIXED,samp_id,972,lag_aware_signed_pcc,182,0.8318487269404503,0.8316969600173214,0.0001517669231289,
W0_FULL,20260812,SHIFT_3__ALL_W_GN_FIXED,samp_id,1308,envelope_trajectory_mae,57,0.2634147767655415,0.2798184982651148,0.0164037214995733,6.227335345797203
W0_FULL,20260812,SHIFT_3__ALL_W_GN_FIXED,samp_id,1308,lag_aware_signed_pcc,57,0.7859288965766117,0.7713342184120919,0.0145946781645197,
W0_FULL,20260812,SHIFT_3__ALL_W_GN_FIXED,samp_id,1378,envelope_trajectory_mae,356,0.1404154875366617,0.1477834996226685,0.0073680120860067,5.2472930267631925
W0_FULL,20260812,SHIFT_3__ALL_W_GN_FIXED,samp_id,1378,lag_aware_signed_pcc,356,0.8641626181185832,0.8626545810054195,0.0015080371131637,
W0_FULL,20260813,SHIFT_1__ALL_W_GN_FIXED,pooled,ALL,envelope_trajectory_mae,2675,0.1526042333124065,0.1568808734216813,0.0042766401092747,2.802438711198646
W0_FULL,20260813,SHIFT_1__ALL_W_GN_FIXED,pooled,ALL,lag_aware_signed_pcc,2675,0.863939776025878,0.8598049226352842,0.0041348533905938,
W0_FULL,20260813,SHIFT_1__ALL_W_GN_FIXED,samp_id,952,envelope_trajectory_mae,579,0.2541001806443251,0.2630836549558041,0.008983474311479,3.535406503332483
W0_FULL,20260813,SHIFT_1__ALL_W_GN_FIXED,samp_id,952,lag_aware_signed_pcc,579,0.7558544401128793,0.7492839248638274,0.0065705152490518,
W0_FULL,20260813,SHIFT_1__ALL_W_GN_FIXED,samp_id,956,envelope_trajectory_mae,213,0.0957045358361322,0.0974888930020147,0.0017843571658825,1.8644436758334548
W0_FULL,20260813,SHIFT_1__ALL_W_GN_FIXED,samp_id,956,lag_aware_signed_pcc,213,0.8897818734359698,0.8845629171048915,0.0052189563310782,
W0_FULL,20260813,SHIFT_1__ALL_W_GN_FIXED,samp_id,961,envelope_trajectory_mae,468,0.1283679559072428,0.1292482591250471,0.0008803032178042,0.6857655491845414
W0_FULL,20260813,SHIFT_1__ALL_W_GN_FIXED,samp_id,961,lag_aware_signed_pcc,468,0.927943729809836,0.9263122051082032,0.0016315247016327,
W0_FULL,20260813,SHIFT_1__ALL_W_GN_FIXED,samp_id,971,envelope_trajectory_mae,820,0.1046351350362118,0.1059830528207362,0.0013479177845244,1.2882076217113152
W0_FULL,20260813,SHIFT_1__ALL_W_GN_FIXED,samp_id,971,lag_aware_signed_pcc,820,0.905752176563053,0.9011193276384932,0.0046328489245597,
W0_FULL,20260813,SHIFT_1__ALL_W_GN_FIXED,samp_id,972,envelope_trajectory_mae,182,0.1497213099331253,0.1558415087047645,0.0061201987716391,4.087727240947073
W0_FULL,20260813,SHIFT_1__ALL_W_GN_FIXED,samp_id,972,lag_aware_signed_pcc,182,0.8433957396720043,0.8420369579873934,0.0013587816846108,
W0_FULL,20260813,SHIFT_1__ALL_W_GN_FIXED,samp_id,1308,envelope_trajectory_mae,57,0.2908923840826202,0.3023601330389078,0.0114677489562876,3.942265106889322
W0_FULL,20260813,SHIFT_1__ALL_W_GN_FIXED,samp_id,1308,lag_aware_signed_pcc,57,0.7842983467317948,0.7771086904545947,0.0071896562772,
W0_FULL,20260813,SHIFT_1__ALL_W_GN_FIXED,samp_id,1378,envelope_trajectory_mae,356,0.1432586937913077,0.1504881888290648,0.0072294950377571,5.046461646710747
W0_FULL,20260813,SHIFT_1__ALL_W_GN_FIXED,samp_id,1378,lag_aware_signed_pcc,356,0.8670734839474192,0.8644746961968147,0.0025987877506045,
W0_FULL,20260813,SHIFT_2__ALL_W_GN_FIXED,pooled,ALL,envelope_trajectory_mae,2675,0.1526042333124065,0.1576616433133403,0.0050574100009337,3.314069270005372
W0_FULL,20260813,SHIFT_2__ALL_W_GN_FIXED,pooled,ALL,lag_aware_signed_pcc,2675,0.863939776025878,0.859235743041779,0.004704032984099,
W0_FULL,20260813,SHIFT_2__ALL_W_GN_FIXED,samp_id,952,envelope_trajectory_mae,579,0.2541001806443251,0.2667372319151816,0.0126370512708565,4.973255524184452
W0_FULL,20260813,SHIFT_2__ALL_W_GN_FIXED,samp_id,952,lag_aware_signed_pcc,579,0.7558544401128793,0.7475725636657626,0.0082818764471166,
W0_FULL,20260813,SHIFT_2__ALL_W_GN_FIXED,samp_id,956,envelope_trajectory_mae,213,0.0957045358361322,0.0979057492482265,0.0022012134120942,2.300009495749741
W0_FULL,20260813,SHIFT_2__ALL_W_GN_FIXED,samp_id,956,lag_aware_signed_pcc,213,0.8897818734359698,0.8849239580457363,0.0048579153902335,
W0_FULL,20260813,SHIFT_2__ALL_W_GN_FIXED,samp_id,961,envelope_trajectory_mae,468,0.1283679559072428,0.1294673169658938,0.0010993610586509,0.8564139320294072
W0_FULL,20260813,SHIFT_2__ALL_W_GN_FIXED,samp_id,961,lag_aware_signed_pcc,468,0.927943729809836,0.9261111429393076,0.0018325868705283,
W0_FULL,20260813,SHIFT_2__ALL_W_GN_FIXED,samp_id,971,envelope_trajectory_mae,820,0.1046351350362118,0.1065446757196991,0.0019095406834872,1.8249517074990336
W0_FULL,20260813,SHIFT_2__ALL_W_GN_FIXED,samp_id,971,lag_aware_signed_pcc,820,0.905752176563053,0.9006850536422862,0.0050671229207667,
W0_FULL,20260813,SHIFT_2__ALL_W_GN_FIXED,samp_id,972,envelope_trajectory_mae,182,0.1497213099331253,0.1542692723090736,0.0045479623759482,3.037618611525412
W0_FULL,20260813,SHIFT_2__ALL_W_GN_FIXED,samp_id,972,lag_aware_signed_pcc,182,0.8433957396720043,0.8421464705844063,0.001249269087598,
W0_FULL,20260813,SHIFT_2__ALL_W_GN_FIXED,samp_id,1308,envelope_trajectory_mae,57,0.2908923840826202,0.3011560030812015,0.0102636189985813,3.528321661273262
W0_FULL,20260813,SHIFT_2__ALL_W_GN_FIXED,samp_id,1308,lag_aware_signed_pcc,57,0.7842983467317948,0.7763425329267196,0.0079558138050751,
W0_FULL,20260813,SHIFT_2__ALL_W_GN_FIXED,samp_id,1378,envelope_trajectory_mae,356,0.1432586937913077,0.1495783028886275,0.0063196090973198,4.411326761450148
W0_FULL,20260813,SHIFT_2__ALL_W_GN_FIXED,samp_id,1378,lag_aware_signed_pcc,356,0.8670734839474192,0.8640965008569786,0.0029769830904405,
W0_FULL,20260813,SHIFT_3__ALL_W_GN_FIXED,pooled,ALL,envelope_trajectory_mae,2675,0.1526042333124065,0.1576737707296296,0.0050695374172231,3.3220162423967188
W0_FULL,20260813,SHIFT_3__ALL_W_GN_FIXED,pooled,ALL,lag_aware_signed_pcc,2675,0.863939776025878,0.8594708849282897,0.0044688910975883,
W0_FULL,20260813,SHIFT_3__ALL_W_GN_FIXED,samp_id,952,envelope_trajectory_mae,579,0.2541001806443251,0.2657224298998709,0.0116222492555458,4.573884688344238
W0_FULL,20260813,SHIFT_3__ALL_W_GN_FIXED,samp_id,952,lag_aware_signed_pcc,579,0.7558544401128793,0.748559558300567,0.0072948818123123,
W0_FULL,20260813,SHIFT_3__ALL_W_GN_FIXED,samp_id,956,envelope_trajectory_mae,213,0.0957045358361322,0.0977061981447601,0.0020016623086278,2.09150202875982
W0_FULL,20260813,SHIFT_3__ALL_W_GN_FIXED,samp_id,956,lag_aware_signed_pcc,213,0.8897818734359698,0.8847139698176603,0.0050679036183095,
W0_FULL,20260813,SHIFT_3__ALL_W_GN_FIXED,samp_id,961,envelope_trajectory_mae,468,0.1283679559072428,0.1301846580588826,0.0018167021516398,1.4152302564921817
W0_FULL,20260813,SHIFT_3__ALL_W_GN_FIXED,samp_id,961,lag_aware_signed_pcc,468,0.927943729809836,0.9262597516141796,0.0016839781956564,
W0_FULL,20260813,SHIFT_3__ALL_W_GN_FIXED,samp_id,971,envelope_trajectory_mae,820,0.1046351350362118,0.1062928826397199,0.001657747603508,1.58431257620525
W0_FULL,20260813,SHIFT_3__ALL_W_GN_FIXED,samp_id,971,lag_aware_signed_pcc,820,0.905752176563053,0.9008168771383196,0.0049352994247334,
W0_FULL,20260813,SHIFT_3__ALL_W_GN_FIXED,samp_id,972,envelope_trajectory_mae,182,0.1497213099331253,0.1551230306888861,0.0054017207557607,3.6078503174821903
W0_FULL,20260813,SHIFT_3__ALL_W_GN_FIXED,samp_id,972,lag_aware_signed_pcc,182,0.8433957396720043,0.8425480496783625,0.0008476899936418,
W0_FULL,20260813,SHIFT_3__ALL_W_GN_FIXED,samp_id,1308,envelope_trajectory_mae,57,0.2908923840826202,0.3020651848741381,0.0111728007915178,3.840870852206483
W0_FULL,20260813,SHIFT_3__ALL_W_GN_FIXED,samp_id,1308,lag_aware_signed_pcc,57,0.7842983467317948,0.775206194649121,0.0090921520826737,
W0_FULL,20260813,SHIFT_3__ALL_W_GN_FIXED,samp_id,1378,envelope_trajectory_mae,356,0.1432586937913077,0.1504942099032854,0.0072355161119777,5.050664584809108
W0_FULL,20260813,SHIFT_3__ALL_W_GN_FIXED,samp_id,1378,lag_aware_signed_pcc,356,0.8670734839474192,0.8638613938501827,0.0032120900972365,
