transform,representation,association,lag_sec,support,scope,group,n,paired_defined_n,signed_change_mean,absolute_drop_mean,drop_positive_count,drop_negative_count
SHIFT_1,R3_MEAN,cycle,0.0,full,pooled,ALL,2675,2675,0.0115163499053016,0.187070201539669,2249,426
SHIFT_1,R3_MEAN,envelope,0.0,full,pooled,ALL,2675,2675,-0.3597150851936125,0.1955375633021481,1945,730
SHIFT_2,R3_MEAN,cycle,0.0,full,pooled,ALL,2675,2675,0.0111196879379703,0.1851663789942404,2227,448
SHIFT_2,R3_MEAN,envelope,0.0,full,pooled,ALL,2675,2675,-0.3506875184203151,0.1973816855578626,1990,685
SHIFT_3,R3_MEAN,cycle,0.0,full,pooled,ALL,2675,2675,0.0061945465920366,0.1880557004498044,2248,427
SHIFT_3,R3_MEAN,envelope,0.0,full,pooled,ALL,2675,2675,-0.345787845797131,0.1979751096869811,1969,706
SHIFT_1,R3_MEAN,cycle,0.0,full,samp_id,952,579,579,-0.3092941652943058,0.2316558071368609,544,35
SHIFT_1,R3_MEAN,envelope,0.0,full,samp_id,952,579,579,-0.6244824374004762,0.3104152571279794,494,85
SHIFT_2,R3_MEAN,cycle,0.0,full,samp_id,952,579,579,-0.305144319912992,0.2261307788479484,533,46
SHIFT_2,R3_MEAN,envelope,0.0,full,samp_id,952,579,579,-0.616501635451065,0.3133666331856099,504,75
SHIFT_3,R3_MEAN,cycle,0.0,full,samp_id,952,579,579,-0.3126429197327084,0.2272076344042282,542,37
SHIFT_3,R3_MEAN,envelope,0.0,full,samp_id,952,579,579,-0.5837226250904085,0.3219866386285024,503,76
SHIFT_1,R3_MEAN,cycle,0.0,full,samp_id,956,213,213,-0.130773137725616,0.0630909154886555,142,71
SHIFT_1,R3_MEAN,envelope,0.0,full,samp_id,956,213,213,-0.2688116526223735,0.114517508805477,143,70
SHIFT_2,R3_MEAN,cycle,0.0,full,samp_id,956,213,213,-0.1329967438406589,0.0609952026686843,144,69
SHIFT_2,R3_MEAN,envelope,0.0,full,samp_id,956,213,213,-0.2183469896029255,0.1084566845937218,138,75
SHIFT_3,R3_MEAN,cycle,0.0,full,samp_id,956,213,213,-0.12852219952929,0.0728913949786996,147,66
SHIFT_3,R3_MEAN,envelope,0.0,full,samp_id,956,213,213,-0.2230364991668027,0.1331104886436714,144,69
SHIFT_1,R3_MEAN,cycle,0.0,full,samp_id,961,468,468,0.0609410031910111,0.1206520566497735,348,120
SHIFT_1,R3_MEAN,envelope,0.0,full,samp_id,961,468,468,-0.13294016357063,0.0749153665465312,280,188
SHIFT_2,R3_MEAN,cycle,0.0,full,samp_id,961,468,468,0.0585508920082144,0.1177326293599,345,123
SHIFT_2,R3_MEAN,envelope,0.0,full,samp_id,961,468,468,-0.1560549659535282,0.0837224065230512,286,182
SHIFT_3,R3_MEAN,cycle,0.0,full,samp_id,961,468,468,0.0583846098801044,0.1233457783694482,346,122
SHIFT_3,R3_MEAN,envelope,0.0,full,samp_id,961,468,468,-0.1377262840702331,0.0768560735686165,290,178
SHIFT_1,R3_MEAN,cycle,0.0,full,samp_id,971,820,820,0.2296789770002943,0.2538231614110159,751,69
SHIFT_1,R3_MEAN,envelope,0.0,full,samp_id,971,820,820,-0.3627314254924667,0.2128150726152056,607,213
SHIFT_2,R3_MEAN,cycle,0.0,full,samp_id,971,820,820,0.2271182100657025,0.2543338887037731,751,69
SHIFT_2,R3_MEAN,envelope,0.0,full,samp_id,971,820,820,-0.3401762728802942,0.2114803157596057,621,199
SHIFT_3,R3_MEAN,cycle,0.0,full,samp_id,971,820,820,0.2161493419783897,0.2559280975583853,761,59
SHIFT_3,R3_MEAN,envelope,0.0,full,samp_id,971,820,820,-0.3495292481993295,0.2017783829857472,602,218
SHIFT_1,R3_MEAN,cycle,0.0,full,samp_id,972,182,182,-0.1122958060787337,0.1657673967461845,134,48
SHIFT_1,R3_MEAN,envelope,0.0,full,samp_id,972,182,182,-0.3841775674240378,0.2155960112532395,136,46
SHIFT_2,R3_MEAN,cycle,0.0,full,samp_id,972,182,182,-0.1087963250332326,0.1580462343513264,131,51
SHIFT_2,R3_MEAN,envelope,0.0,full,samp_id,972,182,182,-0.3378204653611706,0.222860059526589,138,44
SHIFT_3,R3_MEAN,cycle,0.0,full,samp_id,972,182,182,-0.1192484597904002,0.1625603930619412,133,49
SHIFT_3,R3_MEAN,envelope,0.0,full,samp_id,972,182,182,-0.360839432536522,0.2284866698073643,132,50
SHIFT_1,R3_MEAN,cycle,0.0,full,samp_id,1308,57,57,-0.0254187489944701,0.064021325520517,43,14
SHIFT_1,R3_MEAN,envelope,0.0,full,samp_id,1308,57,57,-0.4138293967553315,0.241783549034437,46,11
SHIFT_2,R3_MEAN,cycle,0.0,full,samp_id,1308,57,57,-0.0491883434253286,0.0615675419963114,37,20
SHIFT_2,R3_MEAN,envelope,0.0,full,samp_id,1308,57,57,-0.3898576895973771,0.2248336485476642,46,11
SHIFT_3,R3_MEAN,cycle,0.0,full,samp_id,1308,57,57,-0.0555622304184705,0.0294700964349356,31,26
SHIFT_3,R3_MEAN,envelope,0.0,full,samp_id,1308,57,57,-0.3833413363568633,0.2086047382934101,44,13
SHIFT_1,R3_MEAN,cycle,0.0,full,samp_id,1378,356,356,0.1201454797837664,0.1528839189766472,287,69
SHIFT_1,R3_MEAN,envelope,0.0,full,samp_id,1378,356,356,-0.2534867451920393,0.1582905369361847,239,117
SHIFT_2,R3_MEAN,cycle,0.0,full,samp_id,1378,356,356,0.1228032301104633,0.15582005860939,286,70
SHIFT_2,R3_MEAN,envelope,0.0,full,samp_id,1378,356,356,-0.2779305484041491,0.1614703945439065,257,99
SHIFT_3,R3_MEAN,cycle,0.0,full,samp_id,1378,356,356,0.1271620790118321,0.1604417414153747,288,68
SHIFT_3,R3_MEAN,envelope,0.0,full,samp_id,1378,356,356,-0.283447179480737,0.1682546632010668,254,102
