condition,metric,subject,worse_seeds,better_seeds,equal_seeds,n_seeds
SHIFT_1__ALL_W_GN_FIXED,envelope_trajectory_mae,1308,3,0,0,3
SHIFT_1__ALL_W_GN_FIXED,envelope_trajectory_mae,1378,3,0,0,3
SHIFT_1__ALL_W_GN_FIXED,envelope_trajectory_mae,952,3,0,0,3
SHIFT_1__ALL_W_GN_FIXED,envelope_trajectory_mae,956,3,0,0,3
SHIFT_1__ALL_W_GN_FIXED,envelope_trajectory_mae,961,3,0,0,3
SHIFT_1__ALL_W_GN_FIXED,envelope_trajectory_mae,971,3,0,0,3
SHIFT_1__ALL_W_GN_FIXED,envelope_trajectory_mae,972,3,0,0,3
SHIFT_1__ALL_W_GN_FIXED,lag_aware_signed_pcc,1308,3,0,0,3
SHIFT_1__ALL_W_GN_FIXED,lag_aware_signed_pcc,1378,3,0,0,3
SHIFT_1__ALL_W_GN_FIXED,lag_aware_signed_pcc,952,3,0,0,3
SHIFT_1__ALL_W_GN_FIXED,lag_aware_signed_pcc,956,3,0,0,3
SHIFT_1__ALL_W_GN_FIXED,lag_aware_signed_pcc,961,3,0,0,3
SHIFT_1__ALL_W_GN_FIXED,lag_aware_signed_pcc,971,3,0,0,3
SHIFT_1__ALL_W_GN_FIXED,lag_aware_signed_pcc,972,3,0,0,3
SHIFT_2__ALL_W_GN_FIXED,envelope_trajectory_mae,1308,3,0,0,3
SHIFT_2__ALL_W_GN_FIXED,envelope_trajectory_mae,1378,3,0,0,3
SHIFT_2__ALL_W_GN_FIXED,envelope_trajectory_mae,952,3,0,0,3
SHIFT_2__ALL_W_GN_FIXED,envelope_trajectory_mae,956,3,0,0,3
SHIFT_2__ALL_W_GN_FIXED,envelope_trajectory_mae,961,3,0,0,3
SHIFT_2__ALL_W_GN_FIXED,envelope_trajectory_mae,971,3,0,0,3
SHIFT_2__ALL_W_GN_FIXED,envelope_trajectory_mae,972,3,0,0,3
SHIFT_2__ALL_W_GN_FIXED,lag_aware_signed_pcc,1308,3,0,0,3
SHIFT_2__ALL_W_GN_FIXED,lag_aware_signed_pcc,1378,3,0,0,3
SHIFT_2__ALL_W_GN_FIXED,lag_aware_signed_pcc,952,3,0,0,3
SHIFT_2__ALL_W_GN_FIXED,lag_aware_signed_pcc,956,2,1,0,3
SHIFT_2__ALL_W_GN_FIXED,lag_aware_signed_pcc,961,3,0,0,3
SHIFT_2__ALL_W_GN_FIXED,lag_aware_signed_pcc,971,3,0,0,3
SHIFT_2__ALL_W_GN_FIXED,lag_aware_signed_pcc,972,3,0,0,3
SHIFT_3__ALL_W_GN_FIXED,envelope_trajectory_mae,1308,3,0,0,3
SHIFT_3__ALL_W_GN_FIXED,envelope_trajectory_mae,1378,3,0,0,3
SHIFT_3__ALL_W_GN_FIXED,envelope_trajectory_mae,952,3,0,0,3
SHIFT_3__ALL_W_GN_FIXED,envelope_trajectory_mae,956,3,0,0,3
SHIFT_3__ALL_W_GN_FIXED,envelope_trajectory_mae,961,3,0,0,3
SHIFT_3__ALL_W_GN_FIXED,envelope_trajectory_mae,971,3,0,0,3
SHIFT_3__ALL_W_GN_FIXED,envelope_trajectory_mae,972,3,0,0,3
SHIFT_3__ALL_W_GN_FIXED,lag_aware_signed_pcc,1308,3,0,0,3
SHIFT_3__ALL_W_GN_FIXED,lag_aware_signed_pcc,1378,3,0,0,3
SHIFT_3__ALL_W_GN_FIXED,lag_aware_signed_pcc,952,3,0,0,3
SHIFT_3__ALL_W_GN_FIXED,lag_aware_signed_pcc,956,3,0,0,3
SHIFT_3__ALL_W_GN_FIXED,lag_aware_signed_pcc,961,2,1,0,3
SHIFT_3__ALL_W_GN_FIXED,lag_aware_signed_pcc,971,3,0,0,3
SHIFT_3__ALL_W_GN_FIXED,lag_aware_signed_pcc,972,3,0,0,3
