benchmark_group,arm,split,n_seeds,windows_per_seed,parameters,added_parameters,eval_ms_mean,eval_ms_measurement_sd,eval_peak_allocated_gib_max,eval_peak_reserved_gib_max,train_ms_mean,train_ms_measurement_sd,train_peak_allocated_gib_max,train_peak_reserved_gib_max,whole_rr_abs_error_bpm_mean,whole_rr_abs_error_bpm_seed_sd,local_rr_mae_bpm_mean,local_rr_mae_bpm_seed_sd,envelope_trajectory_mae_mean,envelope_trajectory_mae_seed_sd,global_envelope_modulation_error_mean,global_envelope_modulation_error_seed_sd,lag_aware_signed_pcc_mean,lag_aware_signed_pcc_seed_sd
A,W0_FULL,val,3,2675,1219850,0,23.656529762471717,2.050840655039274,0.03487539291381836,0.28515625,571.7664318314443,13.249509204724701,8.568161010742188,9.8828125,0.4992978782663775,0.0183203638499253,0.551308685416175,0.0120641501714875,0.1527289002174733,0.0014230300302533,0.1910511336675243,0.0030217215100112,0.8653004460024379,0.0014911615320565
A,W0_FULL,test,3,2310,1219850,0,23.656529762471717,2.050840655039274,0.03487539291381836,0.28515625,571.7664318314443,13.249509204724701,8.568161010742188,9.8828125,0.6172340700463074,0.0277876789389982,0.6095663239022112,0.0184720030580034,0.1395464472748592,0.0010372793099067,0.1734184944983018,0.006624665342518,0.8765770119150639,0.0013293198576663
A,w0_mr4_residual,val,3,2675,1256714,36864,25.366138589257996,0.1443907415019679,0.038135528564453125,0.28515625,673.1074143511554,14.93158421342974,8.568572998046875,9.884765625,0.470868122580877,0.019695688313405,0.5481202824655721,0.0034168680262975,0.1543382555495995,0.0073809384653104,0.1964620100613406,0.0114332925778099,0.8572408451554386,0.0046328094779697
A,w0_mr4_residual,test,3,2310,1256714,36864,25.366138589257996,0.1443907415019679,0.038135528564453125,0.28515625,673.1074143511554,14.93158421342974,8.568572998046875,9.884765625,0.6973641883499061,0.0580539447563591,0.7034434614168844,0.0299105508692271,0.1435827294903017,0.0040260891660916,0.1794325393829847,0.0138027333959424,0.8718282011170647,0.0039076126338819
B,W0_FULL,val,3,2675,1219850,0,20.931056002154946,0.14128024582942633,0.03487539291381836,0.28515625,565.9629586928835,11.017567977473584,8.568161010742188,9.8828125,0.4992978782663775,0.0183203638499253,0.551308685416175,0.0120641501714875,0.1527289002174733,0.0014230300302533,0.1910511336675243,0.0030217215100112,0.8653004460024379,0.0014911615320565
B,W0_FULL,test,3,2310,1219850,0,20.931056002154946,0.14128024582942633,0.03487539291381836,0.28515625,565.9629586928835,11.017567977473584,8.568161010742188,9.8828125,0.6172340700463074,0.0277876789389982,0.6095663239022112,0.0184720030580034,0.1395464472748592,0.0010372793099067,0.1734184944983018,0.006624665342518,0.8765770119150639,0.0013293198576663
B,static_scale,val,3,2675,1219947,97,21.338103882347543,0.16101850617113905,0.053673744201660156,0.28515625,667.3880842669556,0.5101549872076128,8.56816291809082,9.880859375,0.4907088187761761,0.0279240227889101,0.5481974258723569,0.0108690646404165,0.152763603619954,0.0018260927211714,0.1886935496712091,0.0057474679812825,0.864390638940132,0.0018459084086833
B,static_scale,test,3,2310,1219947,97,21.338103882347543,0.16101850617113905,0.053673744201660156,0.28515625,667.3880842669556,0.5101549872076128,8.56816291809082,9.880859375,0.6529632942861924,0.0227839427657914,0.630751676813743,0.0245116778386302,0.1394294039784582,0.0013076072817546,0.1740275049118572,0.00408969703768,0.8757019005275258,0.0029101808110703
B,scale_attention,val,3,2675,1220634,784,23.972754444306094,1.971112638745307,0.054395198822021484,0.28515625,694.6534391026944,7.1341202097689616,8.568172931671143,9.880859375,0.5043783042528828,0.0131015239967437,0.5496798458880029,0.010326450923607,0.1530887223696075,0.0032052399546405,0.188068377669123,0.0066660048100406,0.8623886071732855,0.0039762076825805
B,scale_attention,test,3,2310,1220634,784,23.972754444306094,1.971112638745307,0.054395198822021484,0.28515625,694.6534391026944,7.1341202097689616,8.568172931671143,9.880859375,0.6519249630097639,0.0237063741261511,0.6159745681507974,0.0200550434332137,0.1415915000947552,0.0038047549326025,0.1738630919271625,0.0060412110759408,0.8723204084934334,0.0064047788320384
B,frequency_attention,val,3,2675,1220642,792,23.867756593972445,2.0413640806867748,0.05439949035644531,0.28515625,690.3427149324367,14.899091316011992,8.568174839019775,9.880859375,0.5045009124700581,0.0129920396631095,0.5500989608574717,0.0082924137237108,0.1532540328524159,0.0031705152014247,0.1867943777497772,0.0065076018559748,0.8627192156429611,0.0034209013797758
B,frequency_attention,test,3,2310,1220642,792,23.867756593972445,2.0413640806867748,0.05439949035644531,0.28515625,690.3427149324367,14.899091316011992,8.568174839019775,9.880859375,0.6395517965004129,0.0158290532911899,0.6095164397150307,0.0242000449822978,0.1413099092312848,0.0033390307406835,0.1759710803751362,0.0020093189661418,0.8724126964033957,0.005904766409504
B,channel_region,val,3,2675,1220234,384,21.471846926336486,0.23419472989622553,0.04424428939819336,0.28515625,675.5593456327915,3.206034295776896,8.56816577911377,9.8828125,0.4925850342318562,0.0306877805586252,0.5470022769925227,0.0127248234300825,0.1519552255500843,0.0021402053837798,0.1859966916890102,0.0098463183276839,0.8630188294329119,0.0030619508862098
B,channel_region,test,3,2310,1220234,384,21.471846926336486,0.23419472989622553,0.04424428939819336,0.28515625,675.5593456327915,3.206034295776896,8.56816577911377,9.8828125,0.6271926580080439,0.0331635994485029,0.6077985336583512,0.027959195188733,0.1413879381644126,0.003807662190595,0.1766005162949274,0.006273865894634,0.8730913908183565,0.0058393241439992
